"Season","anosim.statistic.R","anosim.significance"
"ice-on",0.307744886692255,0.004
"spring",0.150684931506849,0.029
"stratified",0.0942003202277175,0.08
"fall",0.112361322887639,0.055
