"Season","anosim.statistic.R","anosim.significance"
"ice-on",0.344289833972618,0.001
"spring",0.11366850456669,0.011
"stratified",0.0144367429554064,0.055
"fall",0.0367256724488386,0.134
