year,mean
1995,0
1996,0
1997,0
1998,0
1999,0
2000,0
2001,0
2002,0
2003,0
2004,0
2005,0
2006,0
2007,0
2008,0
2009,4.906666666666666
2010,3.49
2011,8.032142857142858
2012,7.8617647058823525
2013,4.646428571428571
2014,13.76153846153846
2015,4.1033333333333335
2016,1.79
2017,3.7733333333333334
2018,5.076470588235295
